run_id,run_name,algorithm,step,total_samples,test_score
aalxnsx4,ExploreAlgorithm_v1.0,ExploreAlgorithm_v1.0,0.0,0.0,0.388
aalxnsx4,ExploreAlgorithm_v1.0,ExploreAlgorithm_v1.0,1.0,204.0,0.368
aalxnsx4,ExploreAlgorithm_v1.0,ExploreAlgorithm_v1.0,2.0,408.0,0.364
aalxnsx4,ExploreAlgorithm_v1.0,ExploreAlgorithm_v1.0,3.0,611.0,0.46122448979591835
aalxnsx4,ExploreAlgorithm_v1.0,ExploreAlgorithm_v1.0,4.0,814.0,0.40160642570281124
aalxnsx4,ExploreAlgorithm_v1.0,ExploreAlgorithm_v1.0,5.0,1017.0,0.41700404858299595
aalxnsx4,ExploreAlgorithm_v1.0,ExploreAlgorithm_v1.0,6.0,1221.0,0.44176706827309237
aalxnsx4,ExploreAlgorithm_v1.0,ExploreAlgorithm_v1.0,7.0,1424.0,0.4
aalxnsx4,ExploreAlgorithm_v1.0,ExploreAlgorithm_v1.0,8.0,1626.0,0.42105263157894735
aalxnsx4,ExploreAlgorithm_v1.0,ExploreAlgorithm_v1.0,9.0,1826.0,0.3967611336032389
aalxnsx4,ExploreAlgorithm_v1.0,ExploreAlgorithm_v1.0,10.0,2028.0,0.46987951807228917
9v660kak,ExplorewithLLM_v1.0,ExplorewithLLM_v1.0,0.0,0.0,0.384
9v660kak,ExplorewithLLM_v1.0,ExplorewithLLM_v1.0,1.0,202.0,0.344
9v660kak,ExplorewithLLM_v1.0,ExplorewithLLM_v1.0,2.0,404.0,0.356
9v660kak,ExplorewithLLM_v1.0,ExplorewithLLM_v1.0,3.0,606.0,0.4
9v660kak,ExplorewithLLM_v1.0,ExplorewithLLM_v1.0,4.0,808.0,0.368
9v660kak,ExplorewithLLM_v1.0,ExplorewithLLM_v1.0,5.0,810.0,0.404
9v660kak,ExplorewithLLM_v1.0,ExplorewithLLM_v1.0,6.0,1012.0,0.436
9v660kak,ExplorewithLLM_v1.0,ExplorewithLLM_v1.0,7.0,1214.0,0.38
9v660kak,ExplorewithLLM_v1.0,ExplorewithLLM_v1.0,8.0,1415.0,0.396
9v660kak,ExplorewithLLM_v1.0,ExplorewithLLM_v1.0,9.0,1617.0,0.392
9v660kak,ExplorewithLLM_v1.0,ExplorewithLLM_v1.0,10.0,1819.0,0.336
ripi42h9,ExploreOnlyLLM_v1.0,ExploreOnlyLLM_v1.0,0.0,0.0,0.36
ripi42h9,ExploreOnlyLLM_v1.0,ExploreOnlyLLM_v1.0,1.0,200.0,0.424
ripi42h9,ExploreOnlyLLM_v1.0,ExploreOnlyLLM_v1.0,2.0,400.0,0.328
ripi42h9,ExploreOnlyLLM_v1.0,ExploreOnlyLLM_v1.0,3.0,600.0,0.39357429718875503
ripi42h9,ExploreOnlyLLM_v1.0,ExploreOnlyLLM_v1.0,4.0,799.0,0.38
ripi42h9,ExploreOnlyLLM_v1.0,ExploreOnlyLLM_v1.0,5.0,999.0,0.344
ripi42h9,ExploreOnlyLLM_v1.0,ExploreOnlyLLM_v1.0,6.0,1199.0,0.38
ripi42h9,ExploreOnlyLLM_v1.0,ExploreOnlyLLM_v1.0,7.0,1399.0,0.416
ripi42h9,ExploreOnlyLLM_v1.0,ExploreOnlyLLM_v1.0,8.0,1599.0,0.34
ripi42h9,ExploreOnlyLLM_v1.0,ExploreOnlyLLM_v1.0,9.0,1799.0,0.372
ripi42h9,ExploreOnlyLLM_v1.0,ExploreOnlyLLM_v1.0,10.0,1999.0,0.36
hmy84qls,ExploreAlgorithm_v1.0,ExploreAlgorithm_v1.0,0.0,0.0,0.408
hmy84qls,ExploreAlgorithm_v1.0,ExploreAlgorithm_v1.0,1.0,204.0,0.408
hmy84qls,ExploreAlgorithm_v1.0,ExploreAlgorithm_v1.0,2.0,408.0,0.448
hmy84qls,ExploreAlgorithm_v1.0,ExploreAlgorithm_v1.0,3.0,612.0,0.456
hmy84qls,ExploreAlgorithm_v1.0,ExploreAlgorithm_v1.0,4.0,816.0,0.456
hmy84qls,ExploreAlgorithm_v1.0,ExploreAlgorithm_v1.0,5.0,1020.0,0.472
hmy84qls,ExploreAlgorithm_v1.0,ExploreAlgorithm_v1.0,6.0,1224.0,0.448
hmy84qls,ExploreAlgorithm_v1.0,ExploreAlgorithm_v1.0,7.0,1428.0,0.46
hmy84qls,ExploreAlgorithm_v1.0,ExploreAlgorithm_v1.0,8.0,1632.0,0.476
hmy84qls,ExploreAlgorithm_v1.0,ExploreAlgorithm_v1.0,9.0,1835.0,0.44
hmy84qls,ExploreAlgorithm_v1.0,ExploreAlgorithm_v1.0,10.0,2039.0,0.472
sou71ca8,ExplorewithLLM_v1.0,ExplorewithLLM_v1.0,0.0,0.0,0.392
sou71ca8,ExplorewithLLM_v1.0,ExplorewithLLM_v1.0,1.0,198.0,0.39759036144578314
sou71ca8,ExplorewithLLM_v1.0,ExplorewithLLM_v1.0,2.0,400.0,0.436
sou71ca8,ExplorewithLLM_v1.0,ExplorewithLLM_v1.0,3.0,602.0,0.428
sou71ca8,ExplorewithLLM_v1.0,ExplorewithLLM_v1.0,4.0,804.0,0.436
sou71ca8,ExplorewithLLM_v1.0,ExplorewithLLM_v1.0,5.0,1006.0,0.428
sou71ca8,ExplorewithLLM_v1.0,ExplorewithLLM_v1.0,6.0,1208.0,0.392
sou71ca8,ExplorewithLLM_v1.0,ExplorewithLLM_v1.0,7.0,1410.0,0.444
sou71ca8,ExplorewithLLM_v1.0,ExplorewithLLM_v1.0,8.0,1612.0,0.424
sou71ca8,ExplorewithLLM_v1.0,ExplorewithLLM_v1.0,9.0,1814.0,0.476
sou71ca8,ExplorewithLLM_v1.0,ExplorewithLLM_v1.0,10.0,2016.0,0.424
2qbgv86c,ExploreOnlyLLM_v1.0,ExploreOnlyLLM_v1.0,0.0,0.0,0.388
2qbgv86c,ExploreOnlyLLM_v1.0,ExploreOnlyLLM_v1.0,1.0,200.0,0.372
2qbgv86c,ExploreOnlyLLM_v1.0,ExploreOnlyLLM_v1.0,2.0,400.0,0.376
2qbgv86c,ExploreOnlyLLM_v1.0,ExploreOnlyLLM_v1.0,3.0,600.0,0.352
2qbgv86c,ExploreOnlyLLM_v1.0,ExploreOnlyLLM_v1.0,4.0,800.0,0.352
2qbgv86c,ExploreOnlyLLM_v1.0,ExploreOnlyLLM_v1.0,5.0,1000.0,0.368
2qbgv86c,ExploreOnlyLLM_v1.0,ExploreOnlyLLM_v1.0,6.0,1200.0,0.328
2qbgv86c,ExploreOnlyLLM_v1.0,ExploreOnlyLLM_v1.0,7.0,1400.0,0.376
2qbgv86c,ExploreOnlyLLM_v1.0,ExploreOnlyLLM_v1.0,8.0,1600.0,0.34
2qbgv86c,ExploreOnlyLLM_v1.0,ExploreOnlyLLM_v1.0,9.0,1800.0,0.376
2qbgv86c,ExploreOnlyLLM_v1.0,ExploreOnlyLLM_v1.0,10.0,2000.0,0.372
6thdeo2z,ExploreAlgorithm_v1.0,ExploreAlgorithm_v1.0,0.0,0.0,0.352
6thdeo2z,ExploreAlgorithm_v1.0,ExploreAlgorithm_v1.0,1.0,204.0,0.356
6thdeo2z,ExploreAlgorithm_v1.0,ExploreAlgorithm_v1.0,2.0,408.0,0.38
6thdeo2z,ExploreAlgorithm_v1.0,ExploreAlgorithm_v1.0,3.0,612.0,0.3895582329317269
6thdeo2z,ExploreAlgorithm_v1.0,ExploreAlgorithm_v1.0,4.0,815.0,0.396
6thdeo2z,ExploreAlgorithm_v1.0,ExploreAlgorithm_v1.0,5.0,1019.0,0.364
6thdeo2z,ExploreAlgorithm_v1.0,ExploreAlgorithm_v1.0,6.0,1223.0,0.388
6thdeo2z,ExploreAlgorithm_v1.0,ExploreAlgorithm_v1.0,7.0,1426.0,0.416
6thdeo2z,ExploreAlgorithm_v1.0,ExploreAlgorithm_v1.0,8.0,1630.0,0.416
6thdeo2z,ExploreAlgorithm_v1.0,ExploreAlgorithm_v1.0,9.0,1834.0,0.408
6thdeo2z,ExploreAlgorithm_v1.0,ExploreAlgorithm_v1.0,10.0,2038.0,0.42
2el02s45,ExplorewithLLM_v1.0,ExplorewithLLM_v1.0,0.0,0.0,0.396
2el02s45,ExplorewithLLM_v1.0,ExplorewithLLM_v1.0,1.0,202.0,0.336
2el02s45,ExplorewithLLM_v1.0,ExplorewithLLM_v1.0,2.0,402.0,0.348
2el02s45,ExplorewithLLM_v1.0,ExplorewithLLM_v1.0,3.0,596.0,0.4149377593360996
2el02s45,ExplorewithLLM_v1.0,ExplorewithLLM_v1.0,4.0,793.0,0.45188284518828453
2el02s45,ExplorewithLLM_v1.0,ExplorewithLLM_v1.0,5.0,991.0,0.3891213389121339
2el02s45,ExplorewithLLM_v1.0,ExplorewithLLM_v1.0,6.0,1191.0,0.42738589211618255
2el02s45,ExplorewithLLM_v1.0,ExplorewithLLM_v1.0,7.0,1388.0,0.4089068825910931
2el02s45,ExplorewithLLM_v1.0,ExplorewithLLM_v1.0,8.0,1580.0,0.3991769547325103
2el02s45,ExplorewithLLM_v1.0,ExplorewithLLM_v1.0,9.0,1779.0,0.47560975609756095
2el02s45,ExplorewithLLM_v1.0,ExplorewithLLM_v1.0,10.0,1975.0,0.43724696356275305
v8fdziup,ExploreOnlyLLM_v1.0,ExploreOnlyLLM_v1.0,0.0,0.0,0.432
v8fdziup,ExploreOnlyLLM_v1.0,ExploreOnlyLLM_v1.0,1.0,200.0,0.392
v8fdziup,ExploreOnlyLLM_v1.0,ExploreOnlyLLM_v1.0,2.0,400.0,0.388
v8fdziup,ExploreOnlyLLM_v1.0,ExploreOnlyLLM_v1.0,3.0,600.0,0.36
v8fdziup,ExploreOnlyLLM_v1.0,ExploreOnlyLLM_v1.0,4.0,800.0,0.332
v8fdziup,ExploreOnlyLLM_v1.0,ExploreOnlyLLM_v1.0,5.0,1000.0,0.416
v8fdziup,ExploreOnlyLLM_v1.0,ExploreOnlyLLM_v1.0,6.0,1200.0,0.408
v8fdziup,ExploreOnlyLLM_v1.0,ExploreOnlyLLM_v1.0,7.0,1400.0,0.3534136546184739
v8fdziup,ExploreOnlyLLM_v1.0,ExploreOnlyLLM_v1.0,8.0,1600.0,0.416
v8fdziup,ExploreOnlyLLM_v1.0,ExploreOnlyLLM_v1.0,9.0,1800.0,0.372
v8fdziup,ExploreOnlyLLM_v1.0,ExploreOnlyLLM_v1.0,10.0,2000.0,0.38
v3s87fj4,IslandSearchAlgorithm,IslandSearchAlgorithm,0.0,0.0,0.396
v3s87fj4,IslandSearchAlgorithm,IslandSearchAlgorithm,1.0,450.0,0.388
v3s87fj4,IslandSearchAlgorithm,IslandSearchAlgorithm,2.0,850.0,0.376
v3s87fj4,IslandSearchAlgorithm,IslandSearchAlgorithm,3.0,1250.0,0.372
v3s87fj4,IslandSearchAlgorithm,IslandSearchAlgorithm,4.0,1650.0,0.376
v3s87fj4,IslandSearchAlgorithm,IslandSearchAlgorithm,5.0,2050.0,0.424
pgzlpunk,IslandSearchAlgorithm,IslandSearchAlgorithm,0.0,0.0,0.372
pgzlpunk,IslandSearchAlgorithm,IslandSearchAlgorithm,1.0,450.0,0.42
pgzlpunk,IslandSearchAlgorithm,IslandSearchAlgorithm,2.0,850.0,0.344
pgzlpunk,IslandSearchAlgorithm,IslandSearchAlgorithm,3.0,1250.0,0.384
pgzlpunk,IslandSearchAlgorithm,IslandSearchAlgorithm,4.0,1650.0,0.372
pgzlpunk,IslandSearchAlgorithm,IslandSearchAlgorithm,5.0,2050.0,0.392
l3a0l1jj,IslandSearchAlgorithm,IslandSearchAlgorithm,0.0,0.0,0.3815261044176707
l3a0l1jj,IslandSearchAlgorithm,IslandSearchAlgorithm,1.0,450.0,0.324
l3a0l1jj,IslandSearchAlgorithm,IslandSearchAlgorithm,2.0,850.0,0.432
l3a0l1jj,IslandSearchAlgorithm,IslandSearchAlgorithm,3.0,1250.0,0.38
l3a0l1jj,IslandSearchAlgorithm,IslandSearchAlgorithm,4.0,1650.0,0.388
l3a0l1jj,IslandSearchAlgorithm,IslandSearchAlgorithm,5.0,2050.0,0.412
qn3ptii4,ExploreAlgorithm_v1.2,ExploreAlgorithm_v1.2,0.0,50.0,0.356
qn3ptii4,ExploreAlgorithm_v1.2,ExploreAlgorithm_v1.2,1.0,254.0,0.46184738955823296
qn3ptii4,ExploreAlgorithm_v1.2,ExploreAlgorithm_v1.2,2.0,458.0,0.452
qn3ptii4,ExploreAlgorithm_v1.2,ExploreAlgorithm_v1.2,3.0,662.0,0.4939759036144578
qn3ptii4,ExploreAlgorithm_v1.2,ExploreAlgorithm_v1.2,4.0,866.0,0.464
qn3ptii4,ExploreAlgorithm_v1.2,ExploreAlgorithm_v1.2,5.0,1070.0,0.43775100401606426
qn3ptii4,ExploreAlgorithm_v1.2,ExploreAlgorithm_v1.2,6.0,1274.0,0.46
qn3ptii4,ExploreAlgorithm_v1.2,ExploreAlgorithm_v1.2,7.0,1478.0,0.48
qn3ptii4,ExploreAlgorithm_v1.2,ExploreAlgorithm_v1.2,8.0,1682.0,0.456
qn3ptii4,ExploreAlgorithm_v1.2,ExploreAlgorithm_v1.2,9.0,1885.0,0.492
qn3ptii4,ExploreAlgorithm_v1.2,ExploreAlgorithm_v1.2,10.0,2089.0,0.4497991967871486
alduqat6,BasicSearchAlgorithm,BasicSearchAlgorithm,0.0,0.0,0.36401673640167365
alduqat6,BasicSearchAlgorithm,BasicSearchAlgorithm,2.0,254.0,0.376
alduqat6,BasicSearchAlgorithm,BasicSearchAlgorithm,4.0,458.0,0.332
alduqat6,BasicSearchAlgorithm,BasicSearchAlgorithm,6.0,562.0,0.42168674698795183
alduqat6,BasicSearchAlgorithm,BasicSearchAlgorithm,8.0,666.0,0.448
alduqat6,BasicSearchAlgorithm,BasicSearchAlgorithm,10.0,720.0,0.444
alduqat6,BasicSearchAlgorithm,BasicSearchAlgorithm,12.0,774.0,0.436
alduqat6,BasicSearchAlgorithm,BasicSearchAlgorithm,14.0,878.0,0.452
alduqat6,BasicSearchAlgorithm,BasicSearchAlgorithm,16.0,1082.0,0.448
alduqat6,BasicSearchAlgorithm,BasicSearchAlgorithm,18.0,1236.0,0.46
alduqat6,BasicSearchAlgorithm,BasicSearchAlgorithm,20.0,1340.0,0.392
alduqat6,BasicSearchAlgorithm,BasicSearchAlgorithm,22.0,1394.0,0.43724696356275305
alduqat6,BasicSearchAlgorithm,BasicSearchAlgorithm,24.0,1548.0,0.404
alduqat6,BasicSearchAlgorithm,BasicSearchAlgorithm,26.0,1752.0,0.432
alduqat6,BasicSearchAlgorithm,BasicSearchAlgorithm,28.0,1956.0,0.468
v5nya6f5,MinibatchwithValidation,MinibatchwithValidation,0.0,0.0,0.404
v5nya6f5,MinibatchwithValidation,MinibatchwithValidation,21.0,460.0,0.42971887550200805
v5nya6f5,MinibatchwithValidation,MinibatchwithValidation,22.0,619.0,0.452
v5nya6f5,MinibatchwithValidation,MinibatchwithValidation,23.0,777.0,0.436
v5nya6f5,MinibatchwithValidation,MinibatchwithValidation,24.0,936.0,0.44
v5nya6f5,MinibatchwithValidation,MinibatchwithValidation,25.0,1096.0,0.468
v5nya6f5,MinibatchwithValidation,MinibatchwithValidation,26.0,1256.0,0.46
v5nya6f5,MinibatchwithValidation,MinibatchwithValidation,27.0,1416.0,0.448
v5nya6f5,MinibatchwithValidation,MinibatchwithValidation,28.0,1576.0,0.464
v5nya6f5,MinibatchwithValidation,MinibatchwithValidation,29.0,1736.0,0.468
v5nya6f5,MinibatchwithValidation,MinibatchwithValidation,30.0,1896.0,0.476
v5nya6f5,MinibatchwithValidation,MinibatchwithValidation,31.0,2056.0,0.432
95lt2ehm,MinibatchwithValidation,MinibatchwithValidation,0.0,0.0,0.396
95lt2ehm,MinibatchwithValidation,MinibatchwithValidation,21.0,460.0,0.452
95lt2ehm,MinibatchwithValidation,MinibatchwithValidation,22.0,620.0,0.424
95lt2ehm,MinibatchwithValidation,MinibatchwithValidation,23.0,780.0,0.412
95lt2ehm,MinibatchwithValidation,MinibatchwithValidation,24.0,940.0,0.432
95lt2ehm,MinibatchwithValidation,MinibatchwithValidation,25.0,1100.0,0.436
95lt2ehm,MinibatchwithValidation,MinibatchwithValidation,26.0,1260.0,0.424
95lt2ehm,MinibatchwithValidation,MinibatchwithValidation,27.0,1419.0,0.468
95lt2ehm,MinibatchwithValidation,MinibatchwithValidation,28.0,1579.0,0.456
95lt2ehm,MinibatchwithValidation,MinibatchwithValidation,29.0,1739.0,0.452
95lt2ehm,MinibatchwithValidation,MinibatchwithValidation,30.0,1899.0,0.404
95lt2ehm,MinibatchwithValidation,MinibatchwithValidation,31.0,2059.0,0.48
0v91hp8h,MinibatchwithValidation,MinibatchwithValidation,0.0,0.0,0.384
0v91hp8h,MinibatchwithValidation,MinibatchwithValidation,21.0,452.0,0.43724696356275305
0v91hp8h,MinibatchwithValidation,MinibatchwithValidation,22.0,609.0,0.41935483870967744
0v91hp8h,MinibatchwithValidation,MinibatchwithValidation,23.0,769.0,0.4024390243902439
0v91hp8h,MinibatchwithValidation,MinibatchwithValidation,24.0,928.0,0.4251012145748988
0v91hp8h,MinibatchwithValidation,MinibatchwithValidation,25.0,1087.0,0.3911290322580645
0v91hp8h,MinibatchwithValidation,MinibatchwithValidation,26.0,1247.0,0.3967611336032389
0v91hp8h,MinibatchwithValidation,MinibatchwithValidation,27.0,1407.0,0.37398373983739835
0v91hp8h,MinibatchwithValidation,MinibatchwithValidation,28.0,1567.0,0.4112903225806452
0v91hp8h,MinibatchwithValidation,MinibatchwithValidation,29.0,1726.0,0.42338709677419356
0v91hp8h,MinibatchwithValidation,MinibatchwithValidation,30.0,1881.0,0.39271255060728744
0v91hp8h,MinibatchwithValidation,MinibatchwithValidation,31.0,2040.0,0.4457831325301205
sab1k07x,BasicSearchAlgorithm,BasicSearchAlgorithm,0.0,0.0,0.348
sab1k07x,BasicSearchAlgorithm,BasicSearchAlgorithm,3.0,356.0,0.4
sab1k07x,BasicSearchAlgorithm,BasicSearchAlgorithm,6.0,662.0,0.356
sab1k07x,BasicSearchAlgorithm,BasicSearchAlgorithm,9.0,968.0,0.452
sab1k07x,BasicSearchAlgorithm,BasicSearchAlgorithm,12.0,1274.0,0.452
sab1k07x,BasicSearchAlgorithm,BasicSearchAlgorithm,15.0,1580.0,0.468
sab1k07x,BasicSearchAlgorithm,BasicSearchAlgorithm,18.0,1886.0,0.436
sab1k07x,BasicSearchAlgorithm,BasicSearchAlgorithm,21.0,2192.0,0.448
sab1k07x,BasicSearchAlgorithm,BasicSearchAlgorithm,24.0,2498.0,0.448
sab1k07x,BasicSearchAlgorithm,BasicSearchAlgorithm,27.0,2804.0,0.464
66968mbo,BasicSearchAlgorithm,BasicSearchAlgorithm,0.0,0.0,0.372
66968mbo,BasicSearchAlgorithm,BasicSearchAlgorithm,3.0,356.0,0.404
66968mbo,BasicSearchAlgorithm,BasicSearchAlgorithm,6.0,662.0,0.44
66968mbo,BasicSearchAlgorithm,BasicSearchAlgorithm,9.0,968.0,0.44
66968mbo,BasicSearchAlgorithm,BasicSearchAlgorithm,12.0,1274.0,0.4779116465863454
66968mbo,BasicSearchAlgorithm,BasicSearchAlgorithm,15.0,1580.0,0.436
66968mbo,BasicSearchAlgorithm,BasicSearchAlgorithm,18.0,1886.0,0.4578313253012048
66968mbo,BasicSearchAlgorithm,BasicSearchAlgorithm,21.0,2192.0,0.47540983606557374
66968mbo,BasicSearchAlgorithm,BasicSearchAlgorithm,24.0,2498.0,0.4672131147540984
66968mbo,BasicSearchAlgorithm,BasicSearchAlgorithm,27.0,2804.0,0.4435483870967742
zqad37re,ExploreAlgorithm_v1.2,ExploreAlgorithm_v1.2,0.0,50.0,0.372
zqad37re,ExploreAlgorithm_v1.2,ExploreAlgorithm_v1.2,1.0,254.0,0.412
zqad37re,ExploreAlgorithm_v1.2,ExploreAlgorithm_v1.2,2.0,458.0,0.404
zqad37re,ExploreAlgorithm_v1.2,ExploreAlgorithm_v1.2,3.0,662.0,0.408
zqad37re,ExploreAlgorithm_v1.2,ExploreAlgorithm_v1.2,4.0,866.0,0.42570281124497994
zqad37re,ExploreAlgorithm_v1.2,ExploreAlgorithm_v1.2,5.0,1070.0,0.424
zqad37re,ExploreAlgorithm_v1.2,ExploreAlgorithm_v1.2,6.0,1274.0,0.444
zqad37re,ExploreAlgorithm_v1.2,ExploreAlgorithm_v1.2,7.0,1478.0,0.416
zqad37re,ExploreAlgorithm_v1.2,ExploreAlgorithm_v1.2,8.0,1682.0,0.408
zqad37re,ExploreAlgorithm_v1.2,ExploreAlgorithm_v1.2,9.0,1886.0,0.424
zqad37re,ExploreAlgorithm_v1.2,ExploreAlgorithm_v1.2,10.0,2090.0,0.46
zil1nb0t,ExploreAlgorithm_v1.2,ExploreAlgorithm_v1.2,0.0,50.0,0.376
zil1nb0t,ExploreAlgorithm_v1.2,ExploreAlgorithm_v1.2,1.0,254.0,0.336
zil1nb0t,ExploreAlgorithm_v1.2,ExploreAlgorithm_v1.2,2.0,458.0,0.384
zil1nb0t,ExploreAlgorithm_v1.2,ExploreAlgorithm_v1.2,3.0,662.0,0.428
zil1nb0t,ExploreAlgorithm_v1.2,ExploreAlgorithm_v1.2,4.0,866.0,0.388
zil1nb0t,ExploreAlgorithm_v1.2,ExploreAlgorithm_v1.2,5.0,1070.0,0.476
zil1nb0t,ExploreAlgorithm_v1.2,ExploreAlgorithm_v1.2,6.0,1274.0,0.428
zil1nb0t,ExploreAlgorithm_v1.2,ExploreAlgorithm_v1.2,7.0,1477.0,0.448
zil1nb0t,ExploreAlgorithm_v1.2,ExploreAlgorithm_v1.2,8.0,1681.0,0.408
zil1nb0t,ExploreAlgorithm_v1.2,ExploreAlgorithm_v1.2,9.0,1885.0,0.436
zil1nb0t,ExploreAlgorithm_v1.2,ExploreAlgorithm_v1.2,10.0,2089.0,0.424
